OrgId,emailId
M3SMFBI,testuserabc@mailnesia.com
B9XX8SW,exuixlv23z@mailtest.gov.uk
LSTY1YZ,exuio36gm3@mailtest.gov.uk
9N6FC8P,exuiyprn7i@mailtest.gov.uk
WW8UCEX,exui2nka8v@mailtest.gov.uk
7XVHJOA,exuilteewj@mailtest.gov.uk
K2451O4,exuifvth69@mailtest.gov.uk
VAD7IXW,exui4n7snb@mailtest.gov.uk
TJSD95A,exui2cwsgc@mailtest.gov.uk
PNBQ9ZL,exuiz3pk0p@mailtest.gov.uk
5NWIDE5,exui8232po@mailtest.gov.uk
G5UGKXD,exui1jcz7s@mailtest.gov.uk
8583BVN,exui8cj2uq@mailtest.gov.uk
LU5KR09,exui18j6tz@mailtest.gov.uk
2CP79ZD,exuiidt9dd@mailtest.gov.uk
J72PJCM,exuiblty7k@mailtest.gov.uk
AQUTJ36,exuixke5uv@mailtest.gov.uk
1NXB075,exuiczxq5i@mailtest.gov.uk
S1BMQYW,exui2a7k30@mailtest.gov.uk
9YF5GF9,exuixk67yc@mailtest.gov.uk
BRHZ6MD,exuicug9ul@mailtest.gov.uk
IZV9UW1,exuixsz5p8@mailtest.gov.uk
STPBQZ1,exuium8uai@mailtest.gov.uk
UHS337O,exuilq4t72@mailtest.gov.uk
V4AZ268,exuihei3ef@mailtest.gov.uk
VPIWF6Q,exuitdz8hc@mailtest.gov.uk
R5TBJQX,exuiormw5j@mailtest.gov.uk
3ILGZE9,exui523naz@mailtest.gov.uk
E4NDYM0,exui6ij1ky@mailtest.gov.uk
1J5N91W,exui25neio@mailtest.gov.uk
U2DUV4J,exui6slwv1@mailtest.gov.uk
6EWHN5N,exuiv8cfmk@mailtest.gov.uk
3UBNQTQ,exuibmaisl@mailtest.gov.uk
47AENLY,exui2cef81@mailtest.gov.uk
9YFB3RR,exuimzle22@mailtest.gov.uk
HODL1DT,exuid9s536@mailtest.gov.uk
CTS9R9V,exuingzdox@mailtest.gov.uk
7KQ0U71,exuixd82ne@mailtest.gov.uk
LSW207O,exuitd5dum@mailtest.gov.uk
8ZCM39H,exuipw91ue@mailtest.gov.uk
RO92X1W,exuihbbl28@mailtest.gov.uk
U97QS8I,exuidq04f9@mailtest.gov.uk
T45INIQ,exui06w9wa@mailtest.gov.uk
C2U4ZAX,exuiieys2h@mailtest.gov.uk
J7RXGPK,exuiqhdwgj@mailtest.gov.uk
EM69SOO,exuiirb6qo@mailtest.gov.uk
BU007W9,exui3ckoxt@mailtest.gov.uk
47NNHY1,exui1dhb3o@mailtest.gov.uk
970JK5J,exuinpxnjz@mailtest.gov.uk
JWQUXD1,exui0bg3m9@mailtest.gov.uk
QOBU38I,exuibwfwj6@mailtest.gov.uk
HEV8AGL,exui706l2t@mailtest.gov.uk
SU95MPM,exuima9zjb@mailtest.gov.uk
PGQW94W,exui99femq@mailtest.gov.uk
W8C6KAE,exuiho46k4@mailtest.gov.uk
4O04IJ9,exuijlulh8@mailtest.gov.uk
Q2KQY8R,exuidlpln4@mailtest.gov.uk
AB6G1WV,exui5jw078@mailtest.gov.uk
3OUVOT1,exuismpa4o@mailtest.gov.uk
OA7L73Y,exuiqp2x1i@mailtest.gov.uk
F4CKZWX,exuikql7fc@mailtest.gov.uk
JQ3KM90,exui4inklc@mailtest.gov.uk
6DADKTV,exui5jscxu@mailtest.gov.uk
VJ76IHJ,exui4wfktw@mailtest.gov.uk
EUWIT77,exuiefj4zq@mailtest.gov.uk
8N365AA,exuiwcv891@mailtest.gov.uk
I3OXVUT,exui60ffaf@mailtest.gov.uk
CVYN6SZ,exuiy2u03p@mailtest.gov.uk
3U8M5D3,exui0zvne8@mailtest.gov.uk
K3IADP1,exuiq7smxi@mailtest.gov.uk
I5YFHD9,exuid3xa2s@mailtest.gov.uk
39COZCM,exuicuzorj@mailtest.gov.uk
2F88ZSE,exuizwc4uf@mailtest.gov.uk
6LCLID1,exuir0u81u@mailtest.gov.uk
9LXDVZG,exuibu41rx@mailtest.gov.uk
AQ8TC40,exuielz312@mailtest.gov.uk
L3A6WWH,exuiss990g@mailtest.gov.uk
V0GWFRQ,exuip9eaie@mailtest.gov.uk
RKAGE9Q,exuiv7z8yf@mailtest.gov.uk
R8FKPZK,exui5w0qw0@mailtest.gov.uk
IR471WQ,exuio3rqev@mailtest.gov.uk
21LLTT0,exui4iar39@mailtest.gov.uk
MWZF0HG,exuiaqnwf6@mailtest.gov.uk
IRKXR2H,exui05xyzt@mailtest.gov.uk
NEHS57N,exuiz3rpax@mailtest.gov.uk
0HVGRIA,exui78z02c@mailtest.gov.uk
JV6ZR98,exuin6sjaz@mailtest.gov.uk
I3VQFZ7,exui8i4vp8@mailtest.gov.uk
L8O9326,exuianfd69@mailtest.gov.uk
U9HR2HD,exuieovjxl@mailtest.gov.uk
V3SPXHC,exuiqwywj2@mailtest.gov.uk
XO5SL83,exuimi11ik@mailtest.gov.uk
7BNQTJ2,exuirk773k@mailtest.gov.uk
E62XVVR,exuie1yo3g@mailtest.gov.uk
X34VTYW,exuib5o1mw@mailtest.gov.uk
E87KLN4,exui5wn6o8@mailtest.gov.uk
USOVV8H,exuihq5gw0@mailtest.gov.uk
L651CI3,exuich501h@mailtest.gov.uk
LI5HPWO,exui4f8eme@mailtest.gov.uk
96UG67X,exuijv7m1e@mailtest.gov.uk
FTVN7QS,exuim3fsf5@mailtest.gov.uk
E8XP0TT,exuik4yp7j@mailtest.gov.uk
LEIP4GI,exui3lszm8@mailtest.gov.uk
QX1M7VZ,exuifshtlf@mailtest.gov.uk
C4ZWNUS,exui6idazm@mailtest.gov.uk
8XKMC3L,exuir9u7iz@mailtest.gov.uk
BPRM4IU,exuik6z6mz@mailtest.gov.uk
5VSMNOP,exui9q94io@mailtest.gov.uk
Y66RQGE,exuibdql6p@mailtest.gov.uk
HLT629K,exui0hnhdd@mailtest.gov.uk
N2A3E8K,exuipdt4yu@mailtest.gov.uk
5NCZWEK,exui3ab7e3@mailtest.gov.uk
N3R1LJR,exuilne7a1@mailtest.gov.uk
80HGL99,exuiyj1rrt@mailtest.gov.uk
1VLV31J,exuibkuxrs@mailtest.gov.uk
LS13AY1,exuisntox0@mailtest.gov.uk
VEPTB5Q,exuihe3pvf@mailtest.gov.uk
T1R3QLK,exuiieo91r@mailtest.gov.uk
A3AK9DM,exui6jql97@mailtest.gov.uk
2N4F4H7,exuigqbe1n@mailtest.gov.uk
62O28UE,exui3ddtfu@mailtest.gov.uk
8QQFMAN,exuil8smev@mailtest.gov.uk
3ZH2NRK,exuixpb7y6@mailtest.gov.uk
J6610CK,exui5ilfv0@mailtest.gov.uk
RGY5N0F,exui53vmup@mailtest.gov.uk
YZMT1DH,exuinb4239@mailtest.gov.uk
5ERPRQ4,exui1b7xqs@mailtest.gov.uk
ZKQ4M9V,exui9dmmp1@mailtest.gov.uk
21NWCO8,exuifqxj0o@mailtest.gov.uk
DM29S1C,exui8yqgdy@mailtest.gov.uk
WPQJA46,exui0rgpq7@mailtest.gov.uk
C98HD93,exuiud9ovi@mailtest.gov.uk
DM1EITE,exui3s58pn@mailtest.gov.uk
Z3GHV5L,exui4n747w@mailtest.gov.uk
FCKP6X2,exui72i9zh@mailtest.gov.uk
Y43EOE0,exuihssvod@mailtest.gov.uk
1LZWEPP,exuil1ka35@mailtest.gov.uk
NQ885E5,exuiwcl9zl@mailtest.gov.uk
QNU15PZ,exuiz1tn9x@mailtest.gov.uk
YBEVS60,exuikb6ysu@mailtest.gov.uk
WQBE9PC,exuiarsfy1@mailtest.gov.uk
R9368EL,exuil11osk@mailtest.gov.uk
8CXAWH4,exuitzxd2b@mailtest.gov.uk
ROH3KEB,exuixuzuus@mailtest.gov.uk
0YZN6QY,exuitcerx0@mailtest.gov.uk
0U7SV51,exuinpw2jj@mailtest.gov.uk
99ATB5J,exuiqurz2u@mailtest.gov.uk
LK7OINB,exui7h8rw1@mailtest.gov.uk
IMFH4RL,exuiqa7sz0@mailtest.gov.uk
9THM3G3,exuim7nmf6@mailtest.gov.uk
GGFGZI5,exuivos7zy@mailtest.gov.uk
LN1GYB6,exuigctvfx@mailtest.gov.uk
FZLWY7K,exuioic6iq@mailtest.gov.uk
T6VDKAT,exuisq01h9@mailtest.gov.uk
OYIGWO6,exuivyefd0@mailtest.gov.uk
LL96KGL,exuivzhyyj@mailtest.gov.uk
H7ANHGY,exuicc37wt@mailtest.gov.uk
CTWV0LC,exuilnerrr@mailtest.gov.uk
Q96AMA2,exuiutz60a@mailtest.gov.uk
SDY4KFU,exuidvdkb2@mailtest.gov.uk
5E5LDP4,exuiqcl8ls@mailtest.gov.uk
63T51O4,exui6pxz3z@mailtest.gov.uk
L3ULWVU,exui3eglah@mailtest.gov.uk
VEKWQ1K,exuitbj930@mailtest.gov.uk
LPE9ZOW,exuih48qqo@mailtest.gov.uk
HT3KT9V,exuik55jri@mailtest.gov.uk
FF3SMTL,exuiijzrr4@mailtest.gov.uk
B3AXYSH,exuiizy3li@mailtest.gov.uk
KY7X47S,exuicfs9q3@mailtest.gov.uk
N0YZGW6,exuiytd06o@mailtest.gov.uk
U59WFAR,exuis0id5m@mailtest.gov.uk
KNRWLA0,exuito8yoe@mailtest.gov.uk
AH5F2VY,exuigf8nsd@mailtest.gov.uk
U8U4DOV,exuizy6z9o@mailtest.gov.uk
NV0KVDO,exui39tff9@mailtest.gov.uk
87WXOUN,exuilxuqqw@mailtest.gov.uk
ZANW3YY,exuii7rati@mailtest.gov.uk
759E2S2,exuiaxbik8@mailtest.gov.uk
03P3K4A,exuik2p4bg@mailtest.gov.uk
80EDPOK,exuix4wlxh@mailtest.gov.uk
Z5GNV2M,exui010ll5@mailtest.gov.uk
LWK774E,exui76gvwm@mailtest.gov.uk
MXBLI03,exui3d86ml@mailtest.gov.uk
1JF87MR,exuim24mmu@mailtest.gov.uk
718S04P,exuils4jza@mailtest.gov.uk
MMJW92Y,exuitj5foo@mailtest.gov.uk
9G15EPH,exuioz1ztf@mailtest.gov.uk
FTODIP6,exui05hmqs@mailtest.gov.uk
V1A86EL,exuibz93nd@mailtest.gov.uk
EXFMB17,exui726fqp@mailtest.gov.uk
Z1F39ZB,exuitfjwfh@mailtest.gov.uk
WR9VOG5,exui7hdjal@mailtest.gov.uk
Y0US6W7,exuihkb8lg@mailtest.gov.uk
34P7UIO,exui9aiu1x@mailtest.gov.uk
AMJO5MI,exui0p2lzw@mailtest.gov.uk
NMG10HK,exui7idzgm@mailtest.gov.uk
7C1GO6Z,exuij5kmwc@mailtest.gov.uk
WBBE4NC,exuia2xtuc@mailtest.gov.uk
Y8C69GW,exui7vzyw9@mailtest.gov.uk
8XRRIHA,exuiac5lyq@mailtest.gov.uk
6ZH4MWL,exuijy9ze1@mailtest.gov.uk
WYH29L1,exui9twax7@mailtest.gov.uk
AD2R17S,exuiz3r3og@mailtest.gov.uk
AFZ8JTE,exui6zen0x@mailtest.gov.uk
H4N3MLV,exuinckf48@mailtest.gov.uk
K1EJNX7,exui6bl1qd@mailtest.gov.uk
AFX5SCX,exuijmkpol@mailtest.gov.uk
2111G29,exuixy6gg6@mailtest.gov.uk
8ZD6EQM,exuiwflj8k@mailtest.gov.uk
W4WQ1Z0,exuirxtxqa@mailtest.gov.uk
91MAY9V,exui4uprom@mailtest.gov.uk
TKDZW0I,exuir3gomb@mailtest.gov.uk
L99MF1R,exui64bpxt@mailtest.gov.uk
1EJEBI5,exuil4kft3@mailtest.gov.uk
I1ZQGC1,exuix9chpn@mailtest.gov.uk
00VZYMR,exuicdm6ml@mailtest.gov.uk
W3G88XI,exuiqg2aai@mailtest.gov.uk
IJW3CQV,exui6jdtjg@mailtest.gov.uk
RTNW93M,exuis89xak@mailtest.gov.uk
6BLBD13,exuimwnnos@mailtest.gov.uk
TG4AVIB,exuiijwu8c@mailtest.gov.uk
UKR9IGK,exuirccz5k@mailtest.gov.uk
TXP42J1,exuiic9nie@mailtest.gov.uk
85BGWKI,exuick57b3@mailtest.gov.uk
MXSDTC8,exui1lar3s@mailtest.gov.uk
G4GB8SC,exui9m5py8@mailtest.gov.uk
MPBHB0O,exui6bwmz6@mailtest.gov.uk
62SVD2S,exuigibjnt@mailtest.gov.uk
K1OHWS6,exuitvxupk@mailtest.gov.uk
8Y0GPCF,exuitxcncr@mailtest.gov.uk
P88K565,exuit7ri1j@mailtest.gov.uk
E35J0H9,exuip50clt@mailtest.gov.uk
WW0LIYI,exuiq2fvwy@mailtest.gov.uk
2XR095O,exui5wojmz@mailtest.gov.uk
W7BVHQC,exui0xun40@mailtest.gov.uk
7H3A3P3,exuia5cada@mailtest.gov.uk
EALXME5,exuiefe173@mailtest.gov.uk
E9GVP07,exuiaam3am@mailtest.gov.uk
NT132D8,exuidniwp3@mailtest.gov.uk
MNWWNR6,exuiwregnn@mailtest.gov.uk
4N5KQN4,exuipl9fdd@mailtest.gov.uk
9J859EN,exuiippzep@mailtest.gov.uk
N5N7A42,exuiaj06dv@mailtest.gov.uk
YE0Z8LA,exuijjcoxc@mailtest.gov.uk
9OSS734,exuisyjgvt@mailtest.gov.uk
J6ZAO4Z,exuidp2e4k@mailtest.gov.uk
FFCQ6JC,exuix1fp8y@mailtest.gov.uk
X8KOWQA,exuip4pwnm@mailtest.gov.uk
9VD0TSZ,exui71dw4p@mailtest.gov.uk
VN2MMBK,exui1pmm4s@mailtest.gov.uk
4WXWTTB,exuiukkpsj@mailtest.gov.uk
7NWV6C5,exuirntpor@mailtest.gov.uk
4LE8KI6,exui1p0nkr@mailtest.gov.uk
VB6B6XQ,exuiv4cjqv@mailtest.gov.uk
WA8OHY1,exuit1zex1@mailtest.gov.uk
NSIZUW9,exuix8pasr@mailtest.gov.uk
QN10NHF,exui4g2gjf@mailtest.gov.uk
4RY072S,exui61yje3@mailtest.gov.uk
UULQ7EC,exuizt5nk5@mailtest.gov.uk
N197JBA,exuioa586k@mailtest.gov.uk
GWIUQ0U,exuif0cbsc@mailtest.gov.uk
EDE6TZ0,exuitbp45j@mailtest.gov.uk
F0WDJ0R,exuiyfp32v@mailtest.gov.uk
55WU94U,exuifmrtk6@mailtest.gov.uk
KQD6T5E,exuie4aaxb@mailtest.gov.uk
LC54BN5,exuiemj83r@mailtest.gov.uk
KRYC2XC,exui4nd2gx@mailtest.gov.uk
B98H5N3,exuihxuns2@mailtest.gov.uk
VLPBG3R,exuihw81ji@mailtest.gov.uk
PJNA07Q,exuijzus1s@mailtest.gov.uk
9T47T15,exuieswgae@mailtest.gov.uk
H6CI5AA,exuiy1y5j7@mailtest.gov.uk
C1PP2W7,exuiq1xmce@mailtest.gov.uk
88JO894,exui9vbpat@mailtest.gov.uk
A73NUOP,exuim27m9o@mailtest.gov.uk
5509O1G,exuingwm58@mailtest.gov.uk
8WCTLKW,exui6tchbh@mailtest.gov.uk
0QLPZT8,exuihw927a@mailtest.gov.uk
4KZ5F3A,exuijxd6nn@mailtest.gov.uk
O7VB46U,exui0cw85m@mailtest.gov.uk
KOI4559,exuilskgzw@mailtest.gov.uk
70WYSTH,exuihmy78p@mailtest.gov.uk
6BU7WMP,exuilnw34n@mailtest.gov.uk
YDOEP2S,exuimjt2rg@mailtest.gov.uk
TDDWW29,exuik8xrp5@mailtest.gov.uk
999DC3H,exuikw9uam@mailtest.gov.uk
0CL6RL1,exui5nqief@mailtest.gov.uk
EIYPN84,exui3hc68l@mailtest.gov.uk
Z9DHW5V,exuijwnsxq@mailtest.gov.uk
EK6N53X,exui4fdl1z@mailtest.gov.uk
A6U3N7E,exuiyj12dt@mailtest.gov.uk
LG1MMDS,exui8vrj29@mailtest.gov.uk
E3G1HMY,exuihx3kpg@mailtest.gov.uk
BYL3UVK,exuiqkz6av@mailtest.gov.uk
A9GKNRY,exui9qbk3x@mailtest.gov.uk
C69XMKL,exuixpuj1h@mailtest.gov.uk
R38NKK1,exuipwn8v0@mailtest.gov.uk
2SGHWBL,exui520hno@mailtest.gov.uk
Y88WAI4,exuid43rvo@mailtest.gov.uk
Y9O08MY,exuib5d9nh@mailtest.gov.uk
KKFQNW6,exuixio8q1@mailtest.gov.uk
